{
  "strategy": "leave_one_out_cv",
  "loocv": {
    "acc": 0.0,
    "precision_w": 0.0,
    "recall_w": 0.0,
    "f1_w": 0.0,
    "report": {
      "Leukaemia 1": {
        "precision": 0.0,
        "recall": 0.0,
        "f1-score": 0.0,
        "support": 1.0
      },
      "Leukaemia 2": {
        "precision": 0.0,
        "recall": 0.0,
        "f1-score": 0.0,
        "support": 1.0
      },
      "Leukaemia 3": {
        "precision": 0.0,
        "recall": 0.0,
        "f1-score": 0.0,
        "support": 1.0
      },
      "Leukaemia 4": {
        "precision": 0.0,
        "recall": 0.0,
        "f1-score": 0.0,
        "support": 1.0
      },
      "Leukaemia 5": {
        "precision": 0.0,
        "recall": 0.0,
        "f1-score": 0.0,
        "support": 1.0
      },
      "accuracy": 0.0,
      "macro avg": {
        "precision": 0.0,
        "recall": 0.0,
        "f1-score": 0.0,
        "support": 5.0
      },
      "weighted avg": {
        "precision": 0.0,
        "recall": 0.0,
        "f1-score": 0.0,
        "support": 5.0
      }
    },
    "cm": [
      [
        0,
        0,
        0,
        1,
        0
      ],
      [
        1,
        0,
        0,
        0,
        0
      ],
      [
        0,
        1,
        0,
        0,
        0
      ],
      [
        0,
        1,
        0,
        0,
        0
      ],
      [
        1,
        0,
        0,
        0,
        0
      ]
    ],
    "n_folds": 5
  }
}